song,number of ratings,mean,standard deviation
song1,4,3.25,1.0897247358851685
song2,4,4.0,1.224744871391589
